old panel id,new panel id
5596735822c1fc4f7d26e96d,1
554a0ac9bb5a167e4ccd1ec1,3
594a86b58f620375d2fbc08d,4
5763f3788f620350a199604a,5
561518be22c1fc212900fb84,6
5763f1d68f620350a22bccdc,7
597876f78f62037ff034648f,8
569380ac22c1fc251660faf8,9
55a4f71422c1fc6710839b86,10
57e3df7e8f62034b82c0d332,11
553f9607bb5a1616e5ed45ca,12
55a3a78122c1fc6711b0c6b5,13
55e03e6c22c1fc6199b42917,14
5549fce0bb5a167e4ccd1ebd,16
596f8bc88f620352d1224c1a,17
575ec3a58f62034208b69eda,18
5763f2ea8f620350a1996048,19
559a7d1022c1fc58ad67fc97,20
553f94c9bb5a1616e5ed45a1,21
553f9697bb5a1616e5ed45d7,22
5885e9db8f620309044f8a0a,23
568ea06122c1fc1c78b67161,24
58346b8b8f62036225ca8a7d,25
55a9238422c1fc6711b0c6c3,26
558bd31dbb5a16630e15b63e,27
553f9595bb5a1616e5ed45a9,28
55a5228022c1fc6710839b8e,29
554a0ac9bb5a167e4ccd1ec0,30
5763f2938f620350a1996046,31
5693932722c1fc251660fb19,32
56ba026422c1fc5025762b4f,33
553f97abbb5a1616e5ed45f9,34
59760aec8f620370e492f216,35
553f94b4bb5a1616e5ed4595,36
56fa8eb88f62030f36e3026b,38
58078e6e8f62030e233a8157,39
553f959abb5a1616e5ed45b2,40
576cd89b8f62036097d6cc9d,41
568f920822c1fc1c79ca177a,42
5763f4f18f620350a1996051,43
554cbff0bb5a167d51c420ba,44
5763f6508f620350a1996055,45
55a4d99022c1fc6710839b84,47
564cbd3622c1fc10dcb42ac7,48
55a39e2d22c1fc6711b0c6b3,49
5693787622c1fc25158f3c9a,50
55c484e922c1fc0fe45530cd,52
588728f38f62030cf7152165,53
55a4f71c22c1fc6710839b89,54
596f82e88f620352d0e3eeb1,55
5763f2518f620350a1996044,56
576cd8768f6203609632be83,57
57332be28f62037ca4859835,58
594a71908f620375d17ea6b2,59
55a6566d22c1fc6710839b9c,60
578e26918f62031b478bdb68,61
553f95d0bb5a1616e5ed45c1,62
58c7f5008f620328d77ce70f,63
57ee82ef8f62035c9b2d0487,65
55b63d7f22c1fc05fc7a185b,66
55940f0e22c1fc4f7d26e965,67
55b7337f22c1fc05fd2345b9,69
568e9f2c22c1fc1c79ca1758,70
553f95cebb5a1616e5ed45c0,71
58ee38f88f62033bda307d54,64
5540ef61bb5a160c33b964d6,72
55d2fc9c22c1fc2cc7c5ccf6,73
5763f6208f620350a1996054,74
55bf939f22c1fc0fe45530c4,75
55a3b19722c1fc6710839b80,76
5811a8738f620323c5766a2b,77
568e87e022c1fc1c79ca1754,78
5541ef3dbb5a160c33b964e0,79
576cd7b18f6203609632be81,80
57acb8268f620364dc61afd3,81
5970a5068f62035a0311ac5d,82
55ad205422c1fc7041340234,85
55d3196022c1fc313273e328,86
55d1e3f522c1fc237fbd46e9,87
559e44f422c1fc58ad67fc9e,89
55c2321822c1fc0fe5e416e1,90
553f9599bb5a1616e5ed45af,91
573b204d8f62030defb98057,92
594a8c328f620375d2fbc0ad,93
5763f4408f620350a22bcce1,94
568f8ba422c1fc1c79ca1774,96
553f9599bb5a1616e5ed45b1,97
5763f2348f620350a1996043,98
55e01bb222c1fc6199b42904,99
5763f4a68f620350a1996050,100
553f9598bb5a1616e5ed45ae,101
55b6602622c1fc05fd2345b7,102
56939e2e22c1fc25158f3cc5,103
553f9747bb5a1616e5ed45eb,104
572c908e8f62036eed0a39c8,105
55af787822c1fc78a829f89f,106
553f95a4bb5a1616e5ed45b9,107
55b22a6622c1fc7dd7ce4121,108
55537918bb5a161bf644a3c7,109
5763f6048f620350a1996052,110
58c7fd7f8f6203413360f1b6,111
55928cf522c1fc4f7d26e960,112
56336d7322c1fc582756e3d6,113
57b6f5058f6203767a308772,114
596f86a58f620352d0e3eed3,115
553f973cbb5a1616e5ed45e4,116
596f8ca98f620352d1224c1e,117
553f9607bb5a1616e5ed45cb,118
56310b9a22c1fc58285b282c,119
553f9595bb5a1616e5ed45a8,121
554a0ac9bb5a167e4ccd1ec2,122
5633857722c1fc582756e3d9,123
55a628f522c1fc6710839b93,124
5790c2be8f62032bd2afefea,125
558ac48fbb5a16630dcfeaad,126
55a5228022c1fc6710839b8d,127
5763f1118f620350a22bccda,128
55d2fc2d22c1fc2cc6635960,130
553f9744bb5a1616e5ed45e8,131
5616435a22c1fc212900fbd1,132
596f89168f620352d1224bdb,133
55a3876e22c1fc63fec6d0da,134
55a3921f22c1fc64c3e95273,135
561677af22c1fc212a6db65d,136
55b63c4b22c1fc05fc7a1859,137
563248da22c1fc58285b283a,139
56937ac622c1fc25158f3c9b,140
55965cf322c1fc4f7c332a4e,141
55a4f71522c1fc6710839b87,142
592843a08f6203468490fa68,143
5763f4868f620350a199604f,144
55bf785822c1fc0fe45530bf,145
55a5228022c1fc6710839b8c,146
5819a24f8f6203341de99c89,147
578e24b78f62031b4bd04516,148
553f94d5bb5a1616e5ed45a5,149
568ea01e22c1fc1c78b6715d,150
56fe7c0e8f62031622bcf7bf,151
553f9745bb5a1616e5ed45e9,152
5550e50ebb5a161bf644a3c0,153
596f8d5c8f620352d1224c2a,154
575ed2398f62034208b69ee1,155
5693974122c1fc251660fb1f,156
58c7fba38f6203345887d4f5,157
55b62bc422c1fc05fc7a1857,158
58a70e858f62037e8779b2e8,159
5549fcd4bb5a167e4ccd1eb9,160
57d15bb28f6203284d610aaa,161
568f860222c1fc1c79ca1769,162
57eaff958f620356f07cb949,163
56937e9e22c1fc25158f3c9f,164
55ad019f22c1fc7042059038,165
596f81208f620352d0e3eea7,166
55af764522c1fc78a829f89a,167
55b605f722c1fc05fd2345af,168
553f979fbb5a1616e5ed45f7,169
55a62bba22c1fc6710839b95,170
576cd7ca8f6203609632be82,171
573455078f620302d85ae94a,172
5549d5c4bb5a1630f22d5886,173
5763f32a8f620350a22bccde,175
56ba026c22c1fc5025762b50,176
554a3b82bb5a16281dfd50be,177
55a76be222c1fc6710839b9f,178
5763f35c8f620350a22bccdf,179
56ba024322c1fc5025762b4d,180
568ea09322c1fc1c79ca1761,181
57c841c58f620314a4788738,182
596f87dc8f620352d0e3eee2,183
583c15ad8f62036f75c5d83c,184
55b7a65322c1fc05fc7a1869,185
553f95e2bb5a1616e5ed45c8,186
5540ef61bb5a160c33b964d9,187
5885eb948f620309044f8a0b,188
56937d0d22c1fc25158f3c9e,189
58d3e9e28f62036122d8c62b,190
5554c7cabb5a161bf644a3ce,191
553f95c9bb5a1616e5ed45bf,192
585818a98f62032bec9e46cb,194
5763f5688f620350a22bcce3,195
55896ed2bb5a1671a7fef4f9,196
553f968cbb5a1616e5ed45cc,197
553f95a4bb5a1616e5ed45ba,198
5739e7268f62030c3a8f9767,199
563259de22c1fc58285b2840,200
55d1c77722c1fc237ed709f8,201
572a163a8f6203697ffd5d29,202
553f9596bb5a1616e5ed45aa,203
553fa00ebb5a161c1b6faa6e,204
55a4f71d22c1fc6710839b8a,206
55b117c022c1fc7dd7ce411c,207
596f48578f620352d12240e4,208
58c8066b8f6203413360f1cf,209
553f968cbb5a1616e5ed45cd,211
5720ad348f620358c4350ca6,355
58c7f8a78f62033482c42716,193
594be3878f62037ee3e7e72f,210
583c128f8f62036f70db8d29,212
55ace3c022c1fc7042059034,213
55a3aac122c1fc6710839b7d,214
562f5e7822c1fc582756e3bb,215
5885e6158f62030903b3eb89,216
59708b898f62035a04257dd8,217
596f88628f620352d1224b99,218
56ba025922c1fc5025762b4e,219
56938f1a22c1fc251660fb16,220
553f9697bb5a1616e5ed45d3,221
553f94b3bb5a1616e5ed4593,222
5540ef61bb5a160c33b964d8,223
58c7f6858f620328d77ce711,224
553f94b6bb5a1616e5ed459a,225
55b2360422c1fc7dd7ce4123,226
590b12638f6203169828a560,227
57eab3658f620356ef5e4010,228
55c4a3ed22c1fc0fe5e416e9,229
553f979fbb5a1616e5ed45f8,230
58d39bcd8f62036122d8c605,231
553f94c2bb5a1616e5ed459c,232
553f9696bb5a1616e5ed45d1,234
55b7a0bb22c1fc05fd2345d1,235
576cd44c8f6203609632be80,236
58c8048d8f62033f90c2716c,237
55a38d3a22c1fc64c2942434,238
558c24a2bb5a166f63868678,239
5549fcdfbb5a167e4ccd1ebb,240
55af539322c1fc78a9ef5052,243
596f84848f620352d0e3eeba,244
595ce30f8f62036352471f39,245
563242a422c1fc582756e3cd,246
5763f4588f620350a199604e,247
5554c896bb5a161bf644a3cf,248
55507b25bb5a161bf644a3b2,249
553f979ebb5a1616e5ed45f6,250
57f4dbd18f62036d37cfe4e4,251
5549fce0bb5a167e4ccd1ebc,252
576cd7e38f62036097d6cc9c,253
591444928f620348d4b20c16,254
57c5b45b8f62030d5014a949,255
594aa3c78f620375d17ea723,256
5964f7718f62033c4808cd96,257
55b75d5b22c1fc05fd2345c9,258
595cd7cc8f62036352471ea1,259
553f95b6bb5a1616e5ed45bc,261
5550b7bebb5a161bf644a3bc,262
55d30b0322c1fc2ff2a5bf7b,263
55b6173522c1fc05fc7a1855,265
5548cc07bb5a16250cc22015,267
5615400f22c1fc212a6db645,268
58c7f3c78f620328d77ce70e,269
558bf7b5bb5a16630e15b642,270
596f859c8f620352d0e3eec9,271
5540ef61bb5a160c33b964da,272
5970a3288f62035a0311ac54,273
5549e4e7bb5a167e4ccd1eb5,275
5885e8ca8f620309044f8a09,277
5763f6148f620350a1996053,278
568f913c22c1fc1c78b67181,279
56323bce22c1fc58285b2837,280
55b6601d22c1fc05fd2345b5,281
562e5d2622c1fc582756e3b5,282
55a646ef22c1fc6710839b9a,283
55a631ae22c1fc6710839b97,264
568e865f22c1fc1c79ca1753,284
568f871422c1fc1c79ca176d,286
5632211222c1fc582756e3c5,287
59621a1c8f62036f45d561a3,288
55af785222c1fc78a9ef5058,289
55b7337f22c1fc05fd2345ba,290
583859678f620368a4babc92,291
553f94d5bb5a1616e5ed45a4,292
55a9041e22c1fc6711b0c6c0,293
5550a166bb5a161bf644a3b6,294
553f94cabb5a1616e5ed45a2,296
553f9594bb5a1616e5ed45a7,297
57c59f3f8f62030d4e7e01be,298
55a4f71922c1fc6710839b88,299
55c4895922c1fc0fe5e416e3,300
5669854622c1fc3d5bbee17a,301
5763f1518f620350a22bccdb,302
5763f2038f620350a22bccdd,303
553f95d1bb5a1616e5ed45c2,304
568e844522c1fc1c78b67156,305
55a5228022c1fc6710839b90,306
56e0238b22c1fc09c97a6e46,307
553f9781bb5a1616e5ed45f4,308
5693952f22c1fc251660fb1e,309
553f9599bb5a1616e5ed45b0,310
5763f3038f620350a1996049,311
55bf826222c1fc0fe45530c1,312
568e8df022c1fc1c78b67159,313
553f9697bb5a1616e5ed45d4,314
568f8db422c1fc1c79ca1777,315
55a7a77822c1fc6710839ba5,316
55a5228022c1fc6710839b8f,317
5763f2bf8f620350a1996047,318
55d209d622c1fc2632e2e5d1,320
55d30a0f22c1fc2ff2a5bf64,321
55af764822c1fc78a829f89c,323
55e045ab22c1fc6198fad1c7,324
55e0463f22c1fc6199b42922,325
560a587822c1fc16a056e5fa,326
560a5e0522c1fc16a056e758,327
560a6b9c22c1fc16a056e96d,328
5616832a22c1fc2129010051,329
561f906c22c1fc3494aff7b6,330
561f9c2722c1fc31d979b944,331
561fb11622c1fc3494aff7fc,332
561fb22c22c1fc31da71e861,333
561fd8eb22c1fc3bae27ce51,334
5620bbe622c1fc3bac478932,335
5620d47f22c1fc3bac47893b,336
56261b5822c1fc444cb64a9c,337
5626354222c1fc499f00450f,338
5626514222c1fc4c0dc732e9,339
562658f222c1fc4c0dc732ec,340
56a6695522c1fc52b7f1f6a6,341
56a66a6a22c1fc52b7f1f6ad,342
56a66b1f22c1fc52b7f1f6b8,343
56a66c6922c1fc52b6a43904,344
56a66cc622c1fc52b6a43907,345
56a66d4b22c1fc52b6a4390c,346
56a66d9522c1fc52b7f1f6d1,347
56a66dee22c1fc52b7f1f6d8,348
56a66e4722c1fc52b7f1f6db,349
56a66ef622c1fc52b6a43919,350
56a66f5c22c1fc52b6a4391c,351
56fa8c3b8f62030f36e3025f,352
5637361e22c1fc65706fbbe8,353
5720ad538f620358c2da8d02,354
558aa423bb5a16630e15b63c,285
5720aff88f620358c4350ca9,356
5720b0798f620358c5197d0e,357
5720b0f68f620358c4350cb3,358
5720b0d68f620358c2da8d04,359
5720b17a8f620358c5197d10,360
5720b1948f620358c4350cb5,361
5720b1aa8f620358c2da8d07,362
5720b1dd8f620358c2da8d09,363
5720b0ba8f620358c4350cb2,364
5729e6c18f6203697cdd95bc,365
573451438f620302d4505a16,366
578e25c58f62031b478bdb67,367
57f3b1068f62036ac0eb0832,368
5720b11a8f620358c4350cb4,369
5720b1618f620358c2da8d06,370
582edcf38f620355a45e99cd,371
5857c9bc8f62032bec9e45e1,372
58ca82398f62032a3e38b3a0,373
58e643258f62030c8f149b96,374
58d3eaef8f62036122d8c62c,375
59620ecb8f62036f4632ce33,376
596212658f62036f45d56179,377
5967ae8b8f62033378c7d560,378
596e37d88f62034d208bf629,379
59708caa8f62035a0311ac03,380
5979f9288f620307bc300b96,381
598afae38f62035a6079d936,382
55b20bdf22c1fc7dd6b9bbb7,260
55b2109c22c1fc7dd7ce411f,174
58c805938f6203413360f1cb,83